cluster,n_customers,avg_recency,avg_frequency,avg_monetary,total_monetary,segment_name
0,53,2.9245283018867925,59.35849056603774,3792113.2075471696,200982000,Champions
1,30,4.0,48.6,3047500.0,91425000,Dormant
2,11,10.272727272727273,56.18181818181818,3513727.272727273,38651000,Dormant
3,26,2.6923076923076925,69.96153846153847,4688846.153846154,121910000,Champions
